{
  "e839f34a-9eea-4b18-82fd-3e58b376a1f0": {
    "energy": 100.0,
    "last_mined": 0,
    "created_at": 1749890576.7048688,
    "total_mined": 0.0,
    "total_sent": 0.0,
    "total_received": 0.0
  },
  "d662bfad-ae5f-4ae5-9ebb-79e98c242ff6": {
    "energy": 0.0,
    "last_mined": 1749891121.88333,
    "created_at": 1749890900.2977407,
    "total_mined": 58.0,
    "total_sent": 0.0,
    "total_received": 0.0
  },
  "3aa46cbf-8812-42b6-9750-2e01d3f85757": {
    "energy": -0.19999999999941115,
    "last_mined": 1749892924.2757745,
    "created_at": 1749892566.6296349,
    "total_mined": 0.26735400000000015,
    "total_sent": 0.0,
    "total_received": 0.0,
    "telegram_chat_id": null,
    "last_login": 1749892566.629636,
    "mining_sessions": 87,
    "total_blocks_mined": 87
  },
  "7e7b9ba8-afe9-4507-aef8-944bf3c43a5d": {
    "energy": -0.19999999999941115,
    "last_mined": 1749893553.7890604,
    "created_at": 1749893190.4429452,
    "total_mined": 0.29223099999999985,
    "total_sent": 0.0,
    "total_received": 0.0,
    "telegram_chat_id": null,
    "last_login": 1749893269.0257812,
    "mining_sessions": 91,
    "total_blocks_mined": 91
  },
  "mh5de75d86": {
    "energy": 100.0,
    "last_mined": 0,
    "created_at": 1749895753,
    "total_mined": 0.0,
    "total_sent": 0.0,
    "total_received": 0.0,
    "telegram_chat_id": null,
    "last_login": 1749895753,
    "mining_sessions": 0,
    "total_blocks_mined": 0
  },
  "mh217d762a": {
    "energy": -0.2000000000002638,
    "last_mined": 1749899167,
    "created_at": 1749895847,
    "total_mined": 0.047136,
    "total_sent": 0.0,
    "total_received": 0.0,
    "telegram_chat_id": "7632092580",
    "last_login": 1749921342,
    "mining_sessions": 87,
    "total_blocks_mined": 87,
    "mining_start_time": 1749898912,
    "is_mining": false,
    "session_blocks": 0,
    "session_rewards": 0.0
  },
  "mh764f79c8": {
    "energy": 97.39999999999996,
    "last_mined": 1749896278,
    "created_at": 1749896258,
    "total_mined": 0.00361,
    "total_sent": 0.0,
    "total_received": 0.0,
    "telegram_chat_id": null,
    "last_login": 1749896258,
    "mining_sessions": 3,
    "total_blocks_mined": 3
  },
  "bhaca9ea89": {
    "energy": 100.0,
    "last_mined": 0,
    "created_at": 1749896909,
    "total_mined": 0.0,
    "total_sent": 0.0,
    "total_received": 0.0,
    "telegram_chat_id": null,
    "last_login": 1749896909,
    "mining_sessions": 0,
    "total_blocks_mined": 0
  },
  "bha590eb63": {
    "energy": 7.900000000000586,
    "last_mined": 0,
    "created_at": 1749899519,
    "total_mined": 0.032868999999999995,
    "total_sent": 0.0,
    "total_received": 0.0,
    "telegram_chat_id": null,
    "last_login": 1749899519,
    "mining_sessions": 79,
    "total_blocks_mined": 79,
    "mining_start_time": 1749899527,
    "is_mining": true,
    "session_blocks": 79,
    "session_rewards": 0.032868999999999995
  },
  "bh15516282": {
    "energy": 100.0,
    "last_mined": 0,
    "created_at": 1749899622,
    "total_mined": 0.0,
    "total_sent": 0.0,
    "total_received": 0.0,
    "telegram_chat_id": null,
    "last_login": 1749899622,
    "mining_sessions": 0,
    "total_blocks_mined": 0,
    "mining_start_time": 0,
    "is_mining": false,
    "session_blocks": 0,
    "session_rewards": 0.0
  },
  "bh7c1460e8": {
    "energy": 100.0,
    "last_mined": 0,
    "created_at": 1749899978,
    "total_mined": 0.0,
    "total_sent": 0.0,
    "total_received": 0.0,
    "telegram_chat_id": null,
    "last_login": 1749899978,
    "mining_sessions": 0,
    "total_blocks_mined": 0,
    "mining_start_time": 0,
    "is_mining": false,
    "session_blocks": 0,
    "session_rewards": 0.0
  },
  "bh697d4d11": {
    "energy": -0.19999999999941115,
    "last_mined": 1749900784,
    "created_at": 1749900287,
    "total_mined": 0.03861299999999998,
    "total_sent": 0.0,
    "total_received": 0.0,
    "telegram_chat_id": null,
    "last_login": 1749900287,
    "mining_sessions": 100,
    "total_blocks_mined": 100,
    "mining_start_time": 1749900359,
    "is_mining": false,
    "session_blocks": 0,
    "session_rewards": 0.0
  },
  "bhd0673a25": {
    "energy": -0.19999999999941115,
    "last_mined": 1749907984,
    "created_at": 1749907485,
    "total_mined": 0.03072900000000001,
    "total_sent": 0.0,
    "total_received": 0.0,
    "telegram_chat_id": null,
    "last_login": 1749907485,
    "mining_sessions": 94,
    "total_blocks_mined": 94,
    "mining_start_time": 1749907492,
    "is_mining": false,
    "session_blocks": 0,
    "session_rewards": 0.0
  },
  "bhcdf9f895": {
    "energy": -0.19999999999941115,
    "last_mined": 1749909202,
    "created_at": 1749908741,
    "total_mined": 0.033865,
    "total_sent": 0.0,
    "total_received": 0.0,
    "telegram_chat_id": null,
    "last_login": 1749908741,
    "mining_sessions": 95,
    "total_blocks_mined": 95,
    "mining_start_time": 1749908748,
    "is_mining": false,
    "session_blocks": 1,
    "session_rewards": 0.000858
  },
  "bh8f7499a555d84f45": {
    "energy": 21.700000000000617,
    "last_mined": 0,
    "created_at": 1749916293,
    "total_mined": 0.020259999999999993,
    "total_sent": 0.0,
    "total_received": 0.0,
    "telegram_chat_id": null,
    "last_login": 1749916293,
    "mining_sessions": 58,
    "total_blocks_mined": 58,
    "mining_start_time": 1749916328,
    "is_mining": true,
    "session_blocks": 58,
    "session_rewards": 0.020259999999999993
  },
  "bhfdeeda6f7bbc4063": {
    "energy": 37.60000000000059,
    "last_mined": 0,
    "created_at": 1749916400,
    "total_mined": 0.010697,
    "total_sent": 0.0,
    "total_received": 0.0,
    "telegram_chat_id": null,
    "last_login": 1749916400,
    "mining_sessions": 49,
    "total_blocks_mined": 49,
    "mining_start_time": 1749916408,
    "is_mining": true,
    "session_blocks": 49,
    "session_rewards": 0.010697
  },
  "bhdd9d30d8e0004485": {
    "energy": 67.30000000000031,
    "last_mined": 0,
    "created_at": 1749916403,
    "total_mined": 0.014516000000000001,
    "total_sent": 0.0,
    "total_received": 0.0,
    "telegram_chat_id": null,
    "last_login": 1749916403,
    "mining_sessions": 29,
    "total_blocks_mined": 29,
    "mining_start_time": 1749916595,
    "is_mining": true,
    "session_blocks": 29,
    "session_rewards": 0.014516000000000001
  },
  "bhb27db3eab66943e8a906": {
    "energy": 36.100000000000605,
    "last_mined": 0,
    "created_at": 1749917011,
    "total_mined": 0.021370999999999998,
    "total_sent": 0.0,
    "total_received": 0.0,
    "telegram_chat_id": null,
    "last_login": 1749917066,
    "mining_sessions": 61,
    "total_blocks_mined": 61,
    "mining_start_time": 1749917072,
    "is_mining": true,
    "session_blocks": 61,
    "session_rewards": 0.021370999999999998,
    "referrer": null,
    "referrals": []
  },
  "bhc3457fb83f5c44f2a865": {
    "energy": 78.4000000000002,
    "last_mined": 0,
    "created_at": 1749919084,
    "total_mined": 0.004946000000000001,
    "total_sent": 0.0,
    "total_received": 0.0,
    "telegram_chat_id": null,
    "last_login": 1749919084,
    "mining_sessions": 16,
    "total_blocks_mined": 16,
    "mining_start_time": 1749919089,
    "is_mining": true,
    "session_blocks": 16,
    "session_rewards": 0.004946000000000001,
    "referrer": null,
    "referrals": []
  },
  "bhf1a708feba1f421ca443": {
    "energy": 0,
    "last_mined": 1749919841,
    "created_at": 1749919257,
    "total_mined": 0.033689,
    "total_sent": 0.0,
    "total_received": 0.0,
    "telegram_chat_id": null,
    "last_login": 1749919257,
    "mining_sessions": 85,
    "total_blocks_mined": 85,
    "mining_start_time": 1749919267,
    "is_mining": false,